City_ID,City,Lat,Lng,Max Temp,Humidity,Cloudiness,Wind Speed,Country,Date
0,simanggang,1.2472,111.4528,303.64,88,87,0.68,MY,1714453689
1,la sarre,48.8002,-79.1996,276.34,88,100,6.46,CA,1714453689
2,hermanus,-34.4187,19.2345,289.01,60,0,5.19,ZA,1714453690
3,chechelnyk,48.8353,26.6484,284.99,72,0,4.41,UA,1714453690
4,petropavlovsk-kamchatsky,53.0452,158.6483,279.48,52,0,11.18,RU,1714453690
5,utrik,11.2278,169.8474,300.57,80,100,8.59,MH,1714453691
6,ust-nera,64.5667,143.2,270.16,89,100,3.31,RU,1714453691
7,olonkinbyen,70.9221,-8.7187,272.27,86,100,2.75,SJ,1714453691
8,stanley,54.868,-1.6985,281.64,83,40,2.57,GB,1714453692
9,nelson bay,-32.7167,152.15,292.18,93,100,0.45,AU,1714453692
10,isiro,2.7739,27.616,293.38,97,16,0.56,CD,1714453692
11,jabor,5.921,169.6434,301.18,84,88,8.71,MH,1714453693
12,blackmans bay,-43.0167,147.3167,286.33,69,99,1.34,AU,1714453693
13,grytviken,-54.2811,-36.5092,273.89,83,55,5.27,GS,1714453693
14,darwin,-12.4611,130.8418,307.53,42,0,6.71,AU,1714453511
15,port elizabeth,-33.918,25.5701,288.32,90,20,1.03,ZA,1714453600
16,avarua,-21.2078,-159.775,299.18,73,40,6.17,CK,1714453695
17,iskateley,67.6803,53.1512,268.16,91,100,6.71,RU,1714453695
18,charters towers,-20.1,146.2667,300.07,49,29,7.71,AU,1714453695
19,antonio enes,-16.2325,39.9086,295.82,85,61,5.03,MZ,1714453696
20,longyearbyen,78.2186,15.6401,273.06,86,75,7.2,SJ,1714453696
21,hithadhoo,-0.6,73.0833,301.5,76,100,3.55,MV,1714453696
22,saudarkrokur,65.7461,-19.6394,274.91,92,25,2.39,IS,1714453697
23,kavieng,-2.5744,150.7967,301.96,78,100,3.24,PG,1714453697
24,ushuaia,-54.8,-68.3,268.47,94,65,1.18,AR,1714453697
25,kerikeri,-35.2268,173.9474,290.88,82,50,1.35,NZ,1714453698
26,bilibino,68.0546,166.4372,270.72,77,8,1.59,RU,1714453698
27,invercargill,-46.4,168.35,283.16,96,100,3.13,NZ,1714453698
28,gizo,-8.103,156.8419,302.66,75,100,2.23,SB,1714453699
29,bredasdorp,-34.5322,20.0403,286.93,77,0,2.49,ZA,1714453699
30,viedma,-40.8135,-62.9967,287.85,42,88,7.11,AR,1714453606
31,ribeira grande,38.5167,-28.7,288.02,85,33,2.24,PT,1714453700
32,afaahiti,-17.75,-149.2833,300.08,70,97,9.22,PF,1714453700
33,suoyarvi,62.0833,32.35,283.09,91,100,4.42,RU,1714453701
34,tazacorte,28.629,-17.9293,290.69,77,75,6.69,ES,1714453701
35,puerto aysen,-45.4,-72.7,277.9,100,100,2.15,CL,1714453701
36,saipan,15.1355,145.701,304.54,62,40,7.72,MP,1714453550
37,hawaiian paradise park,19.5933,-154.9731,295.95,91,100,0.0,US,1714453702
38,waitangi,-43.9535,-176.5597,286.38,93,100,1.34,NZ,1714453702
39,keflavik,64.0049,-22.5624,274.39,93,40,5.14,IS,1714453703
40,puerto ayora,-0.7393,-90.3518,296.79,98,32,0.45,EC,1714453703
41,vadso,70.0744,29.7487,275.64,75,75,2.06,NO,1714453703
42,enewetak,11.3474,162.3373,300.79,78,75,8.43,MH,1714453704
43,kashin,57.3592,37.6081,286.47,68,100,5.71,RU,1714453704
44,port lincoln,-34.7333,135.8667,287.84,61,97,8.15,AU,1714453628
45,inhambane,-23.865,35.3833,293.69,80,0,1.53,MZ,1714453691
46,snyder,32.7179,-100.9176,294.44,28,0,5.14,US,1714453705
47,adamstown,-25.066,-130.1015,296.4,80,3,6.89,PN,1714453706
48,port-aux-francais,-49.35,70.2167,277.44,78,85,20.72,TF,1714453706
49,udachny,66.4167,112.4,271.18,94,100,11.95,RU,1714453706
50,jamestown,42.097,-79.2353,287.95,82,0,3.6,US,1714453707
51,bokovskaya,49.229,41.8306,285.29,56,0,9.26,RU,1714453707
52,coron,11.9986,120.2043,305.83,59,85,4.99,PH,1714453707
53,edinburgh of the seven seas,-37.0676,-12.3116,285.24,65,100,6.72,SH,1714453708
54,nar'yan-mar,67.6713,53.087,268.21,91,100,6.71,RU,1714453708
55,cacheu,12.2706,-16.1658,298.37,70,38,2.01,GW,1714453708
56,dapa,9.7594,126.0531,301.9,77,100,5.77,PH,1714453709
57,guerrero negro,27.9769,-114.0611,288.64,84,0,5.27,MX,1714453709
58,lafollette,36.3829,-84.1199,293.73,85,100,1.4,US,1714453710
59,georgetown,5.4112,100.3354,307.11,62,40,3.6,MY,1714453217
60,salym,60.0625,71.4789,272.12,57,54,3.82,RU,1714453710
61,papatowai,-46.5619,169.4708,284.16,96,100,2.78,NZ,1714453711
62,poronaysk,49.2167,143.1167,279.59,49,100,10.52,RU,1714453711
63,punta arenas,-53.15,-70.9167,278.21,75,40,4.12,CL,1714453583
64,goshainganj,26.5833,82.3833,313.96,10,0,6.56,IN,1714453712
65,mao,39.8885,4.2658,288.46,100,75,2.06,ES,1714453712
66,sitka,57.0531,-135.33,282.09,66,0,4.63,US,1714453712
67,fabens,31.5023,-106.1586,296.09,16,0,1.55,US,1714453713
68,mili,6.0815,171.735,301.06,84,100,8.43,MH,1714453713
69,wailua homesteads,22.0669,-159.378,298.39,80,40,4.63,US,1714453713
70,lampasas,31.2168,-98.2336,296.09,91,2,3.95,US,1714453714
71,whitehorse,60.7161,-135.0538,279.58,81,75,2.06,CA,1714453469
72,dyurtyuli,55.4911,54.8688,281.89,53,67,1.76,RU,1714453714
73,praia da vitoria,38.7333,-27.0667,286.06,77,25,1.87,PT,1714453715
74,nantucket,41.2835,-70.0995,284.26,72,100,2.57,US,1714453715
75,teuva,62.4819,21.7416,279.03,93,17,3.11,FI,1714453716
76,puerto natales,-51.7236,-72.4875,275.46,95,100,0.65,CL,1714453716
77,katsuura,35.1333,140.3,296.16,98,94,3.2,JP,1714453716
78,usinsk,65.9939,57.5281,268.75,91,100,7.6,RU,1714453717
79,timimoun,29.2639,0.231,290.7,42,0,10.19,DZ,1714453717
80,igarka,67.4667,86.5833,260.94,93,100,9.83,RU,1714453717
81,benavente,42.0025,-5.6783,279.63,71,98,1.34,ES,1714453485
82,galle,6.0367,80.217,304.13,65,100,2.14,LK,1714453718
83,constantia,44.1833,28.65,286.53,92,100,10.22,RO,1714453718
84,toyota,35.0833,137.15,294.81,74,100,2.49,JP,1714453719
85,thompson,55.7435,-97.8558,278.61,56,100,2.81,CA,1714453719
86,vila franca do campo,37.7167,-25.4333,288.38,86,22,1.0,PT,1714453719
87,west island,-12.1568,96.8225,302.14,84,40,5.14,CC,1714453720
88,chonchi,-42.6128,-73.8092,277.1,93,100,1.69,CL,1714453721
89,ugoofaaru,5.6667,73.0,302.01,78,100,3.24,MV,1714453721
90,fortuna,40.5982,-124.1573,283.52,84,20,0.0,US,1714453721
91,hampton bays,40.869,-72.5176,285.58,89,75,5.36,US,1714453722
92,tura,25.5198,90.2201,309.37,29,0,3.03,IN,1714453494
93,al muwayh,22.4333,41.7583,293.59,68,46,8.09,SA,1714453722
94,zouerate,22.7187,-12.4521,288.52,42,0,5.39,MR,1714453723
95,yellowknife,62.456,-114.3525,273.46,77,20,5.14,CA,1714453467
96,anadyr,64.75,177.4833,274.43,64,0,6.71,RU,1714453724
97,ilulissat,69.2167,-51.1,273.16,100,100,4.12,GL,1714453724
98,seme,15.1942,-12.9448,303.9,23,5,6.87,SN,1714453725
99,lebu,-37.6167,-73.65,283.6,75,90,6.91,CL,1714453725
100,iqaluit,63.7506,-68.5145,255.2,98,86,0.99,CA,1714453725
101,haiku-pauwela,20.9219,-156.3051,296.51,77,40,7.2,US,1714453726
102,san antonio de pale,-1.4014,5.6325,301.14,82,97,2.92,GQ,1714453726
103,baruun-urt,46.6806,113.2792,289.82,16,1,5.65,MN,1714453726
104,alice springs,-23.7,133.8833,297.9,16,41,6.69,AU,1714453727
105,lapseki,40.3442,26.6856,287.03,95,100,3.92,TR,1714453727
106,birzebbuga,35.8258,14.5269,290.53,88,40,6.69,MT,1714453727
107,roma,43.2128,-75.4557,288.75,69,75,4.63,US,1714453506
108,albany,42.6001,-73.9662,285.23,69,59,0.45,US,1714453198
109,lepsy,46.235,78.9456,294.47,13,40,4.09,KZ,1714453729
110,tvoroyri,61.5556,-6.8111,280.39,90,77,3.47,FO,1714453729
111,port alfred,-33.5906,26.891,292.24,64,0,3.0,ZA,1714453729
112,puerto baquerizo moreno,-0.9,-89.6,297.77,84,20,1.35,EC,1714453730
113,qulsary,46.9531,54.0198,296.57,18,12,4.3,KZ,1714453730
114,tshabong,-26.05,22.45,290.72,42,3,3.37,BW,1714453730
115,feijo,-8.1642,-70.3536,296.69,98,100,0.96,BR,1714453731
116,lerwick,60.1545,-1.1494,282.15,93,100,12.08,GB,1714453731
117,aranda de duero,41.6704,-3.6892,276.74,78,2,2.48,ES,1714453731
118,klyuchi,52.2667,79.1667,280.58,36,100,3.1,RU,1714453732
119,kuruman,-27.4524,23.4325,286.48,51,2,2.32,ZA,1714453732
120,lodja,-3.4833,23.4333,294.92,85,98,1.13,CD,1714453732
121,west helena,34.5507,-90.6418,291.97,94,55,2.67,US,1714453733
122,lukolela,-1.0605,17.1821,296.57,89,99,1.11,CD,1714453733
123,kingston,17.997,-76.7936,300.68,78,20,7.2,JM,1714453502
124,rio grande,-32.035,-52.0986,293.68,99,97,4.56,BR,1714453474
125,hasaki,35.7333,140.8333,296.09,90,100,4.01,JP,1714453734
126,east london,-33.0153,27.9116,292.0,72,0,2.13,ZA,1714453734
127,awjilah,29.1081,21.2869,297.5,24,3,4.26,LY,1714453735
128,necochea,-38.5473,-58.7368,287.17,93,87,6.13,AR,1714453735
129,ta`u,-14.2336,-169.5144,302.34,79,100,8.92,AS,1714453736
130,paracale,14.2804,122.7881,305.15,60,19,5.02,PH,1714453736
131,walvis bay,-22.9575,14.5053,291.6,63,0,3.1,NA,1714453737
132,berdigestyakh,62.0989,126.6992,272.67,79,50,3.87,RU,1714453737
133,castillos,-34.1667,-53.8333,290.79,99,98,2.15,UY,1714453738
134,cronulla,-34.05,151.15,291.59,82,75,11.32,AU,1714453738
135,magadan,59.5667,150.8,275.67,98,100,0.52,RU,1714453738
136,uturoa,-16.7333,-151.4333,299.98,72,99,9.85,PF,1714453739
137,biloela,-24.4167,150.5,298.63,45,79,4.64,AU,1714453739
138,brookings,44.3114,-96.7984,279.36,92,0,2.57,US,1714453740
139,sale,34.0389,-6.8166,285.53,100,40,3.09,MA,1714453740
140,lincoln city,44.9582,-124.0179,282.45,88,16,2.68,US,1714453572
141,baoying,33.2292,119.3092,287.9,61,100,5.54,CN,1714453741
142,fray luis beltran,-39.3167,-65.7667,284.93,38,49,8.85,AR,1714453741
143,mossel bay,-34.1831,22.146,291.59,58,2,1.03,ZA,1714453741
144,alofi,-19.0595,-169.9187,300.09,89,40,3.09,NU,1714453742
145,aldinga beach,-35.2793,138.4604,291.07,48,1,7.36,AU,1714453742
146,allegan,42.5292,-85.8553,288.42,78,100,2.68,US,1714453642
147,isafjordur,66.0755,-23.124,274.31,89,96,4.82,IS,1714453743
148,mount gambier,-37.8333,140.7667,287.08,55,98,4.27,AU,1714453743
149,gamba,-2.65,10.0,299.43,92,86,1.91,GA,1714453744
150,tolanaro,-25.0319,46.9987,295.89,84,32,5.37,MG,1714453744
151,ellsworth,44.5434,-68.4195,281.82,76,0,2.06,US,1714453551
152,remire-montjoly,4.9167,-52.2667,299.17,94,75,1.03,GF,1714453745
153,lihue,21.9789,-159.3672,298.73,80,40,4.63,US,1714453745
154,placido de castro,-10.3353,-67.1856,299.47,81,87,1.07,BR,1714453746
155,talnakh,69.4865,88.3972,259.93,87,100,8.35,RU,1714453746
156,yeppoon,-23.1333,150.7333,298.85,74,14,8.4,AU,1714453747
157,tazovsky,67.4667,78.7,263.96,90,100,3.95,RU,1714453747
158,paita,-5.0892,-81.1144,295.9,77,59,3.45,PE,1714453747
159,aral,40.5156,81.2636,293.78,18,100,1.12,CN,1714453748
160,hamilton,39.1834,-84.5333,291.62,89,40,2.57,US,1714453748
161,kailua-kona,19.6406,-155.9956,299.13,90,0,3.6,US,1714453572
162,bethel,41.3712,-73.414,288.92,82,100,2.57,US,1714453749
163,alzamay,55.5562,98.6644,274.5,83,100,4.85,RU,1714453749
164,luderitz,-26.6481,15.1594,291.47,56,2,2.61,NA,1714453736
165,staryye ozinki,51.1786,49.6769,283.79,51,64,8.53,RU,1714453750
166,mount isa,-20.7333,139.5,304.02,35,2,4.63,AU,1714453750
167,wajir,1.7471,40.0573,299.55,64,93,4.79,KE,1714453751
168,pimentel,-6.8367,-79.9342,293.31,83,0,2.57,PE,1714453751
169,island harbour,50.724,-1.2758,284.17,83,10,3.13,GB,1714453751
170,gopalpur,19.2667,84.9167,308.99,48,0,6.55,IN,1714453752
171,caleta de carquin,-11.0925,-77.6267,294.21,85,32,3.96,PE,1714453752
172,ancud,-41.8697,-73.8203,280.07,80,100,4.02,CL,1714453752
173,lianhe,47.1333,129.2667,289.59,23,69,4.28,CN,1714453753
174,fuglafjordur,62.244,-6.814,279.41,97,55,2.52,FO,1714453753
175,forster,-32.1667,152.5167,292.2,87,100,5.72,AU,1714453753
176,salekhard,66.53,66.6019,269.48,85,100,7.6,RU,1714453563
177,tsengel,49.4783,100.8894,289.51,12,98,5.69,MN,1714453754
178,akdepe,42.0551,59.3788,296.21,13,4,2.45,TM,1714453755
179,lata,40.1629,-8.3327,283.75,90,95,1.43,PT,1714453755
180,minot air force base,48.4209,-101.3391,276.25,89,0,4.12,US,1714453755
181,tiksi,71.6872,128.8694,262.0,88,100,3.89,RU,1714453756
182,selfoss,63.9331,-20.9971,274.29,78,13,3.65,IS,1714453756
183,ilebo,-4.3167,20.5833,294.95,87,100,0.83,CD,1714453756
184,viechtach,49.0792,12.8847,286.62,81,5,1.24,DE,1714453757
185,kapuskasing,49.4169,-82.4331,276.2,81,100,5.14,CA,1714453740
186,sandnessjoen,66.0217,12.6316,280.21,87,75,1.54,NO,1714453757
187,karatau,43.1667,70.4667,291.4,28,7,2.44,KZ,1714453758
188,aasiaat,68.7098,-52.8699,271.35,93,99,9.23,GL,1714453759
189,vytegra,61.0064,36.4481,281.68,75,100,1.79,RU,1714453759
190,geraldton,-28.7667,114.6,302.38,48,76,7.72,AU,1714453760
191,shetpe,44.1667,52.1167,296.33,9,11,8.81,KZ,1714453760
192,salinopolis,-0.6136,-47.3561,299.21,88,100,2.95,BR,1714453760
193,mogocha,53.7333,119.7667,287.11,25,81,4.66,RU,1714453761
194,kodiak,57.79,-152.4072,280.88,66,0,4.12,US,1714453762
195,hammerfest,70.6634,23.6821,274.4,75,0,2.06,NO,1714453763
196,warmbad,-28.45,18.7333,292.96,38,0,0.83,NA,1714453760
197,saint-pierre,-21.3393,55.4781,298.97,73,0,6.17,RE,1714453763
198,kusheriki,10.5328,6.4422,298.76,59,54,1.69,NG,1714453764
199,east ballina,-28.8667,153.5833,298.04,66,94,2.83,AU,1714453764
200,shakawe,-18.3667,21.85,286.43,62,0,2.29,BW,1714453764
201,pacific grove,36.6177,-121.9166,285.2,81,0,9.39,US,1714453570
202,puerto deseado,-47.7503,-65.8938,283.22,93,100,0.42,AR,1714453765
203,levuka,50.1834,-105.4011,285.12,41,23,2.11,CA,1714453765
204,lhokseumawe,5.1801,97.1507,304.48,69,89,2.88,ID,1714453766
205,nikolayevsk-on-amure,53.1406,140.73,282.71,35,99,1.34,RU,1714453766
206,dudinka,69.4058,86.1778,260.19,86,94,8.05,RU,1714453766
207,mournies,35.4764,24.0092,290.83,88,75,2.06,GR,1714453767
208,st. john's,47.5649,-52.7093,280.53,98,100,3.09,CA,1714453767
209,nemuro,43.3236,145.575,277.42,98,100,10.11,JP,1714453767
210,monrovia,6.3005,-10.7969,300.63,87,61,2.47,LR,1714453617
211,broken hill,-31.95,141.4333,291.51,37,49,8.75,AU,1714453768
212,chinde,26.8418,88.0763,302.35,22,0,3.76,NP,1714453768
213,manismata,-2.4667,111.0333,306.42,60,36,2.36,ID,1714453769
214,kaa-khem,51.6833,94.7333,285.04,49,100,4.18,RU,1714453769
215,sao felix do xingu,-6.6447,-51.995,295.52,98,55,0.54,BR,1714453769
216,medenine,33.355,10.5055,296.0,55,100,7.46,TN,1714453770
217,la passe,45.5549,-0.8967,284.28,87,79,1.35,FR,1714453770
218,namtsy,62.7161,129.6658,272.51,63,18,0.73,RU,1714453770
219,langsa,4.4683,97.9683,303.24,78,94,1.22,ID,1714453771
220,cidreira,-30.1811,-50.2056,294.65,98,100,1.72,BR,1714453771
221,palapag,12.5458,125.1147,305.61,51,40,4.56,PH,1714453772
222,fuyang,32.9,115.8167,284.55,90,100,5.4,CN,1714453772
223,woolgoolga,-30.1106,153.2007,296.08,66,100,3.37,AU,1714453772
224,becal,20.45,-90.0333,299.04,83,65,3.28,MX,1714453773
225,college,64.8569,-147.8028,283.14,39,75,2.06,US,1714453773
226,mersa matruh,31.3525,27.2453,291.59,77,0,0.85,EG,1714453773
227,suva,-18.1416,178.4415,300.86,89,75,2.57,FJ,1714453774
228,atbasar,51.8,68.3333,278.46,90,100,8.64,KZ,1714453774
229,puerto lempira,15.2667,-83.7667,298.57,87,14,3.62,HN,1714453774
230,fisterra,42.9049,-9.2629,286.9,94,94,8.36,ES,1714453775
231,anatuya,-28.4606,-62.8347,294.45,91,3,3.24,AR,1714453775
232,crane,31.3974,-102.3501,297.32,19,0,4.09,US,1714453775
233,thinadhoo,0.5333,72.9333,299.83,85,100,4.55,MV,1714453776
234,morehead city,34.7229,-76.726,293.72,84,0,4.12,US,1714453776
235,argo,37.6333,22.7333,288.71,62,0,1.94,GR,1714453776
236,choibalsan,48.0667,114.5,291.02,16,1,5.89,MN,1714453777
237,sahab,31.8721,36.005,290.21,82,75,5.14,JO,1714453777
238,demopolis,32.5176,-87.8364,293.12,100,100,0.0,US,1714453777
239,kargopol',61.5071,38.9456,282.7,89,100,1.87,RU,1714453578
240,bel ombre,-4.6167,55.4167,301.6,73,99,1.09,SC,1714453778
241,sundsvall,62.3913,17.3063,276.13,100,0,1.03,SE,1714453680
242,shenjiamen,29.9576,122.298,288.51,97,100,4.69,CN,1714453779
243,bandon,51.7469,-8.7425,280.92,95,100,2.67,IE,1714453779
244,kolwezi,-10.7148,25.4667,285.98,81,7,2.9,CD,1714453780
245,kendari,-3.945,122.4989,299.29,89,100,0.98,ID,1714453671
246,santa ines,-3.6667,-45.38,296.91,97,93,1.59,BR,1714453781
247,hafar al-batin,28.4328,45.9708,298.47,47,75,7.2,SA,1714453781
248,grand-bassam,5.2118,-3.7388,302.13,85,100,2.43,CI,1714453781
249,kangavar,34.5043,47.9653,291.17,50,100,0.49,IR,1714453782
250,san julian,21.0167,-102.1667,292.27,21,27,6.37,MX,1714453782
251,barah,13.7,30.3667,300.54,11,0,6.23,SD,1714453783
252,san sebastian de la gomera,28.0916,-17.1133,292.25,59,75,3.09,ES,1714453783
253,sisimiut,66.9395,-53.6735,269.73,93,100,4.34,GL,1714453783
254,nuuk,64.1835,-51.7216,270.49,100,100,2.57,GL,1714453662
255,point pedro,9.8167,80.2333,305.36,64,97,2.47,LK,1714453784
256,shahba,32.8551,36.629,288.71,81,93,0.68,SY,1714453784
257,bayaguana,18.7564,-69.6362,298.12,91,95,2.05,DO,1714453785
258,tsiombe,-25.3,45.4833,296.11,70,0,2.94,MG,1714453785
259,sao gabriel da cachoeira,-0.1303,-67.0892,296.36,99,100,1.1,BR,1714453785
260,nichinan,31.6,131.3667,298.92,65,56,4.16,JP,1714453786
261,cole harbour,44.6724,-63.4751,278.67,76,40,3.58,CA,1714453636
262,vorgashor,67.5833,63.95,268.6,95,100,6.96,RU,1714453786
263,cabo san lucas,22.8909,-109.9124,296.82,39,46,2.24,MX,1714453516
264,taoudenni,22.6783,-3.9836,295.95,16,100,6.02,ML,1714453787
265,manicore,-5.8092,-61.3003,297.99,88,90,1.08,BR,1714453787
266,lompoc,34.6391,-120.4579,287.0,77,0,8.75,US,1714453788
267,mount pearl,47.5166,-52.7813,280.07,98,100,3.09,CA,1714453789
268,coquimbo,-29.9533,-71.3436,287.0,58,100,2.06,CL,1714453565
269,tidjikja,18.5564,-11.4271,295.34,28,63,7.56,MR,1714453789
270,weno,7.4515,151.8468,300.12,94,100,3.09,FM,1714453790
271,grande prairie,55.1667,-118.8027,274.37,89,86,3.88,CA,1714453790
272,kruisfontein,-34.0033,24.7314,290.05,53,0,3.92,ZA,1714453737
273,carnarvon,-24.8667,113.6333,303.49,43,9,0.55,AU,1714453791
274,kone,-21.0595,164.8658,298.85,60,51,2.67,NC,1714453791
275,beloyarskiy,63.7119,66.6722,268.71,73,93,4.02,RU,1714453792
276,happy valley-goose bay,53.3168,-60.3315,269.9,93,100,7.74,CA,1714453792
277,ulladulla,-35.35,150.4667,288.58,65,100,5.74,AU,1714453793
278,luis correia,-2.8792,-41.6669,298.2,91,100,3.16,BR,1714453793
279,pikeville,37.4793,-82.5188,294.92,48,0,1.54,US,1714453794
280,lincoln,40.8,-96.667,289.27,66,0,2.06,US,1714453512
281,erenhot,43.6475,111.9767,289.29,14,0,6.33,CN,1714453794
282,flying fish cove,-10.4217,105.6791,302.97,79,97,5.66,CX,1714453795
283,westhill,57.1526,-2.2797,281.72,90,100,5.14,GB,1714453795
284,bigadic,39.3925,28.1311,286.7,91,100,3.02,TR,1714453795
285,malango,-2.9627,119.9001,302.32,56,100,1.79,ID,1714453796
286,mar del plata,-38.0023,-57.5575,289.79,92,100,2.24,AR,1714453796
287,balykshi,47.0667,51.8667,291.15,52,40,5.0,KZ,1714453797
288,lautoka,-17.6167,177.4667,303.07,70,40,6.17,FJ,1714453797
289,al hawatah,13.4167,34.6333,305.21,10,2,2.15,SD,1714453797
290,yendi,9.4427,-0.0099,300.86,72,27,2.01,GH,1714453798
291,iwanai,42.9744,140.5089,286.07,71,100,5.5,JP,1714453798
292,pokhara,28.2333,83.9833,305.93,9,0,3.27,NP,1714453798
293,lorengau,-2.0226,147.2712,302.06,79,100,1.75,PG,1714453799
294,al burayqah,30.4062,19.5739,296.61,36,18,4.65,LY,1714453799
295,battambang,13.1027,103.1982,313.93,31,39,3.77,KH,1714453799
296,toliara,-23.35,43.6667,299.1,57,0,1.49,MG,1714453800
297,aitape,-3.1374,142.3475,302.43,77,100,2.3,PG,1714453800
298,west lafayette,40.4259,-86.9081,289.99,95,100,2.06,US,1714453768
299,aquidauana,-20.4711,-55.7872,299.26,61,16,2.01,BR,1714453801
300,port moresby,-9.4431,147.1797,301.05,86,97,4.77,PG,1714453801
301,carbonear,47.7332,-53.2148,280.79,98,100,5.79,CA,1714453802
302,badagry,6.4167,2.8833,300.66,88,100,2.14,NG,1714453802
303,alta,69.9689,23.2717,274.74,79,20,0.0,NO,1714453802
304,grand falls-windsor,48.9332,-55.6649,278.99,95,100,0.45,CA,1714453803
305,margaret river,-33.95,115.0667,295.84,41,100,6.1,AU,1714453803
306,sikasso,10.9167,-7.0,302.36,30,54,1.89,ML,1714453803
307,pisco,-13.7,-76.2167,293.18,83,0,5.14,PE,1714453536
308,bukama,-9.2,25.85,291.97,80,11,1.27,CD,1714453805
309,al bawiti,28.3492,28.8659,291.04,68,8,4.26,EG,1714453805
310,fale old settlement,-9.3852,-171.2468,302.74,75,56,4.47,TK,1714453805
311,atafu village,-8.5421,-172.5159,302.08,78,86,4.61,TK,1714453806
312,holualoa,19.6228,-155.9522,297.06,86,0,3.6,US,1714453806
313,vilyuysk,63.7553,121.6247,273.15,89,72,6.26,RU,1714453806
314,bouna,9.2667,-3.0,300.43,58,57,2.06,CI,1714453807
315,cambria,35.5641,-121.0808,289.35,64,0,3.49,US,1714453807
316,rongelap,11.1635,166.8941,300.63,79,100,7.86,MH,1714453807
317,umluj,25.0213,37.2685,299.35,67,0,1.69,SA,1714453808
318,kroonstad,-27.6504,27.2349,285.53,62,0,2.01,ZA,1714453808
319,port hedland,-20.3167,118.5667,308.18,12,20,9.26,AU,1714453809
320,sabang,5.8933,95.3214,303.31,70,100,1.91,ID,1714453809
321,howrah,22.5892,88.3103,312.15,39,0,4.12,IN,1714453809
322,n'zeto,-7.2312,12.8666,298.63,91,13,1.95,AO,1714453810
323,wamba,8.9333,8.6,299.04,70,98,1.42,NG,1714453810
324,tyuratam,45.6507,63.3156,295.39,29,32,4.04,KZ,1714453810
325,taksimo,56.3444,114.8794,285.75,44,92,0.57,RU,1714453811
326,shingu,33.7333,135.9833,293.65,89,97,1.75,JP,1714453811
327,opuwo,-18.0607,13.84,289.58,45,0,3.02,NA,1714453811
328,nagqu,31.5,92.0,281.27,15,87,7.43,CN,1714453812
329,el bauga,18.262,33.9081,299.92,11,0,5.75,SD,1714453812
330,suntar,62.1444,117.6319,273.86,100,100,2.44,RU,1714453812
331,nuku'alofa,-21.1333,-175.2,300.34,89,40,2.57,TO,1714453813
332,lesosibirsk,58.2358,92.4828,269.21,60,100,5.87,RU,1714453813
333,kudahuvadhoo,2.6708,72.8944,300.86,80,100,7.44,MV,1714453813
334,dolores,-36.3132,-57.6792,288.94,98,100,4.01,AR,1714453814
335,qarauyl,48.9451,79.255,283.31,86,100,4.82,KZ,1714453814
336,qaqortoq,60.7167,-46.0333,274.29,70,100,1.2,GL,1714453815
337,arkhangel'sk,64.5401,40.5433,274.33,100,100,5.0,RU,1714453815
338,colonia,50.9333,6.95,287.01,85,0,1.03,DE,1714453637
339,filiasi,44.55,23.5167,289.33,63,84,1.52,RO,1714453816
340,york,40.1254,-77.0,295.92,81,100,1.46,US,1714453795
341,kolonia,50.9333,6.95,287.01,85,0,1.03,DE,1714453656
342,takaungu,-3.6837,39.8566,299.42,76,78,8.54,KE,1714453817
343,purpe,64.4803,76.6897,266.31,87,95,8.08,RU,1714453817
344,chatillon-sur-seine,47.8585,4.5738,281.4,95,100,2.41,FR,1714453817
345,tadine,-21.55,167.8833,296.6,64,0,6.21,NC,1714453818
346,manokwari,-0.8667,134.0833,302.44,70,80,2.15,ID,1714453818
347,cabedelo,-6.9811,-34.8339,299.62,79,99,4.14,BR,1714453819
348,aioun,16.6614,-9.6149,299.41,23,51,8.36,MR,1714453819
349,semnan,35.5729,53.3971,293.12,17,45,2.36,IR,1714453819
350,labrador city,52.9463,-66.9114,267.14,55,85,0.45,CA,1714453820
351,kavaratti,10.5669,72.642,303.29,70,100,3.69,IN,1714453820
352,kamianske,48.5113,34.6021,285.85,69,0,6.87,UA,1714453820
353,tortosa,40.8125,0.5216,285.51,82,38,2.36,ES,1714453545
354,richards bay,-28.783,32.0377,291.38,77,0,4.92,ZA,1714453821
355,port mathurin,-19.6833,63.4167,299.34,72,80,8.39,MU,1714453821
356,codrington,-38.2667,141.9667,287.48,55,77,6.9,AU,1714453822
357,changping,40.2186,116.2197,295.95,13,61,2.25,CN,1714453822
358,essaouira,31.5125,-9.77,287.72,70,0,6.93,MA,1714453822
359,glazov,58.1394,52.6584,281.48,80,93,2.56,RU,1714453823
360,kapa'a,22.0752,-159.319,299.14,80,40,4.63,US,1714453823
361,garoowe,8.4054,48.4845,301.43,64,19,3.92,SO,1714453824
362,akureyri,65.6835,-18.0878,275.13,95,74,2.11,IS,1714453824
363,saida,34.8303,0.1517,280.14,92,100,6.02,DZ,1714453824
364,nova sintra,14.8667,-24.7167,296.36,82,39,11.72,CV,1714453825
365,itaituba,-4.2761,-55.9836,296.47,98,15,0.88,BR,1714453640
366,alnwick,55.4132,-1.7056,282.38,87,75,6.69,GB,1714453826
367,powdersville,34.7918,-82.4929,290.07,87,0,0.0,US,1714453826
368,armacao de buzios,-22.7469,-41.8817,296.73,92,0,3.92,BR,1714453827
369,louga,58.7372,29.8453,287.18,87,100,3.78,RU,1714453827
370,xai-xai,-25.0519,33.6442,291.15,87,0,2.82,MZ,1714453828
371,fortaleza,-3.7227,-38.5247,297.46,96,100,3.88,BR,1714453828
372,copainala,17.0833,-93.2,297.41,65,19,1.46,MX,1714453828
373,novoukrayinka,48.3264,31.5285,285.57,65,2,6.54,UA,1714453829
374,minas de marcona,-15.2119,-75.1103,288.9,86,62,4.14,PE,1714453829
375,kingscliff,-28.2667,153.5667,298.04,65,40,4.12,AU,1714453829
376,tralee,52.2704,-9.7026,278.47,94,95,1.07,IE,1714453830
377,visakhapatnam,17.69,83.2093,308.09,49,0,5.14,IN,1714453830
378,pariaman,-0.619,100.12,303.14,71,79,2.45,ID,1714453830
379,yerofey pavlovich,53.9667,121.9667,287.19,24,97,5.29,RU,1714453831
380,stornoway,58.2093,-6.3865,281.14,93,40,9.26,GB,1714453831
381,gamay,12.3854,125.2979,305.42,53,55,3.94,PH,1714453832
382,talara,-4.5772,-81.2719,295.16,83,41,3.87,PE,1714453819
383,pandan,14.0453,124.1694,304.98,61,4,2.2,PH,1714453833
384,kanniyakumari,8.0833,77.5667,304.44,68,100,2.25,IN,1714453828
385,kingisepp,59.3733,28.6134,283.7,85,100,3.3,RU,1714453833
386,baie-saint-paul,47.4411,-70.4986,280.96,72,65,2.47,CA,1714453545
387,regina,50.4501,-104.6178,282.61,58,26,4.02,CA,1714453834
388,ketchikan,55.3422,-131.6461,281.41,81,100,1.54,US,1714453834
389,kachia,9.8667,7.95,297.24,63,69,1.55,NG,1714453835
390,kashgar,39.4547,75.9797,286.68,43,100,3.15,CN,1714453805
391,ahvaz,31.3203,48.6693,301.12,47,100,4.12,IR,1714453597
392,bako,5.7833,36.5667,292.41,83,96,0.82,ET,1714453836
393,porto novo,6.4965,2.6036,300.31,87,100,1.57,BJ,1714453564
394,ola,59.5833,151.2833,276.01,96,100,0.82,RU,1714453836
395,misratah,32.3754,15.0925,292.11,81,52,5.09,LY,1714453837
396,vennesla,58.2694,7.9741,281.08,91,20,5.14,NO,1714453837
397,beau vallon,-20.4189,57.6953,300.49,75,95,7.07,MU,1714453837
398,baise city,23.8997,106.6133,308.78,38,0,4.02,CN,1714453838
399,pemangkat,1.1667,108.9667,302.9,72,89,3.3,ID,1714453838
400,naze,28.3667,129.4833,297.07,73,29,4.47,JP,1714453613
401,la arena,-5.3466,-80.7109,297.7,67,48,4.38,PE,1714453839
402,tashtagol,52.7657,87.8894,280.11,88,100,4.02,RU,1714453839
403,queenstown,-31.8976,26.8753,286.66,33,0,3.02,ZA,1714453840
404,gaziantep,37.0594,37.3825,292.11,64,75,2.57,TR,1714453205
405,gorontalo,0.5412,123.0595,297.53,96,98,1.15,ID,1714453840
406,yeniseysk,58.4497,92.1703,269.23,79,100,4.47,RU,1714453841
407,middleburg,30.0689,-81.8604,296.14,84,75,0.0,US,1714453841
408,bereeda,11.8704,51.0579,303.78,70,59,4.74,SO,1714453841
409,sturgeon bay,44.8342,-87.377,284.35,82,100,4.63,US,1714453842
410,twinsburg,41.3126,-81.4401,290.64,88,75,1.54,US,1714453615
411,portland,45.5234,-122.6762,281.48,79,22,2.68,US,1714453555
412,gemena,3.25,19.7667,294.51,96,100,1.16,CD,1714453843
413,hisor,38.525,68.5512,284.01,53,100,2.0,TJ,1714453843
414,zarghun shahr,32.8473,68.4457,279.8,29,88,5.14,AF,1714453843
415,as sulayyil,20.4607,45.5779,296.29,29,29,4.01,SA,1714453716
416,arraial do cabo,-22.9661,-42.0278,297.39,91,0,4.84,BR,1714453677
417,sao joao da barra,-21.6403,-41.0511,296.26,91,0,1.41,BR,1714453845
418,warman,52.3168,-106.5679,284.58,63,32,5.8,CA,1714453845
419,lamu,-2.2717,40.902,301.3,81,54,7.33,KE,1714453846
420,turinskaya sloboda,57.6232,64.3858,279.58,43,63,3.76,RU,1714453846
421,anloga,5.7947,0.8973,301.75,81,100,3.31,GH,1714453846
422,shiozawa,37.0333,138.85,290.43,93,100,1.48,JP,1714453847
423,fort st. john,56.2499,-120.8529,273.09,100,100,2.57,CA,1714453847
424,kloulklubed,7.0419,134.2556,304.43,75,86,7.13,PW,1714453847
425,nabire,-3.3667,135.4833,303.5,70,55,2.39,ID,1714453848
426,kitimat,54.0524,-128.6534,280.75,84,99,0.89,CA,1714453848
427,san jose de jachal,-30.2406,-68.7469,293.55,19,0,10.24,AR,1714453848
428,north bend,43.4065,-124.2243,281.96,81,75,2.57,US,1714453849
429,siwa oasis,29.2041,25.5195,294.35,41,21,4.23,EG,1714453850
430,toamasina,-18.1667,49.3833,296.83,92,100,3.53,MG,1714453768
431,hilo,19.7297,-155.09,296.07,90,100,0.89,US,1714453792
432,yanjiang,30.1211,104.6481,294.32,43,96,2.0,CN,1714453851
433,kas,36.2018,29.6377,297.65,42,15,1.1,TR,1714453851
434,gandajika,-6.75,23.95,292.25,87,39,1.49,CD,1714453851
435,egilsstadir,65.2653,-14.3948,275.0,94,100,6.19,IS,1714453852
436,bojnurd,37.4747,57.329,286.12,26,0,1.03,IR,1714453852
437,camana,-16.6228,-72.7111,293.01,88,48,1.96,PE,1714453852
438,zunyi,27.6867,106.9072,288.79,74,100,3.83,CN,1714453853
439,pitanga,-24.7572,-51.7614,289.85,82,2,0.83,BR,1714453853
440,karratha,-20.7377,116.8463,306.09,20,6,8.4,AU,1714453853
441,souillac,-20.5167,57.5167,300.01,76,95,6.41,MU,1714453854
442,boyarka,50.3191,30.2973,286.01,66,1,3.0,UA,1714453854
443,markovo,57.3206,107.0881,278.23,96,100,5.91,RU,1714453855
444,glendive,47.1053,-104.7125,283.01,49,0,0.0,US,1714453855
445,yanykurgan,43.915,67.2481,296.9,19,1,3.65,KZ,1714453856
446,acarau,-2.8856,-40.12,298.2,92,98,5.24,BR,1714453856
447,sambava,-14.2667,50.1667,298.01,88,100,5.01,MG,1714453856
448,acopiara,-6.0953,-39.4525,295.3,98,99,0.89,BR,1714453857
449,saint-louis,16.3333,-15.0,302.76,25,0,7.03,SN,1714453857
450,manavalakurichi,8.1333,77.3,305.95,62,100,1.61,IN,1714453857
451,waddan,29.1614,16.139,299.71,24,63,0.91,LY,1714453858
452,pa daet,19.5049,99.9924,314.45,17,0,3.51,TH,1714453858
453,meadow lake,34.8014,-106.5436,290.86,24,2,1.97,US,1714453859
454,oborniki,52.6474,16.8141,289.35,78,82,3.37,PL,1714453859
455,uusikaupunki,60.8004,21.4084,278.11,81,1,4.32,FI,1714453859
456,tobruk,32.0836,23.9764,291.31,80,58,3.65,LY,1714453860
457,vikhorevka,56.1201,101.1636,277.92,54,100,6.38,RU,1714453860
458,sagaing,21.8787,95.9797,313.25,33,20,4.12,MM,1714453860
459,port douglas,-16.4833,145.4667,299.36,70,67,8.08,AU,1714453861
460,beyneu,45.3167,55.2,297.42,10,7,5.46,KZ,1714453861
461,lapeer,43.0514,-83.3188,290.25,95,0,2.57,US,1714453861
462,luau,-10.7073,22.2247,287.62,80,40,1.67,AO,1714453862
463,westport,41.1415,-73.3579,288.78,84,75,4.92,US,1714453862
464,okha,53.5739,142.9478,277.18,51,97,2.24,RU,1714453783
465,bonthe,7.5264,-12.505,300.37,89,13,1.2,SL,1714453864
466,flin flon,54.7682,-101.865,278.76,62,100,3.68,CA,1714453864
467,harper,4.375,-7.7169,300.5,85,100,2.7,LR,1714453864
468,fort leonard wood,37.7057,-92.1572,288.56,84,0,1.54,US,1714453865
469,fremont,37.5483,-121.9886,287.88,74,0,2.68,US,1714453801
470,coxim,-18.5067,-54.76,297.25,65,40,1.64,BR,1714453866
471,jumla,29.2747,82.1838,292.02,14,1,3.36,NP,1714453866
472,hobyo,5.3505,48.5268,303.52,66,27,3.22,SO,1714453866
473,bady bassitt,-20.9181,-49.4453,293.85,61,1,2.78,BR,1714453867
474,badger,64.8,-147.5333,283.1,36,40,2.06,US,1714453867
475,susuman,62.7833,148.1667,270.92,66,100,5.36,RU,1714453867
476,chegdomyn,51.1167,133.0167,285.76,33,99,2.64,RU,1714453868
477,batticaloa,7.7102,81.6924,304.59,66,100,3.19,LK,1714453868
478,kismayo,-0.3582,42.5454,301.41,77,98,7.05,SO,1714453869
479,florestopolis,-22.8633,-51.3872,293.96,68,34,1.83,BR,1714453869
480,ubari,26.5921,12.7805,298.5,29,27,2.16,LY,1714453869
481,nadym,65.5333,72.5167,267.57,88,99,8.76,RU,1714453870
482,greenville,35.6127,-77.3663,292.24,87,0,3.6,US,1714453203
483,rawai,7.7797,98.3253,308.21,71,100,3.8,TH,1714453870
484,coromandel,-18.4733,-47.2003,291.02,70,0,1.47,BR,1714453871
485,touros,-5.1989,-35.4608,297.77,91,100,2.82,BR,1714453871
486,wotje,9.4543,170.2367,301.07,82,42,8.54,MH,1714453871
487,saint-francois,46.4154,3.9054,283.51,100,100,1.54,FR,1714453865
488,beeskow,52.1667,14.25,286.68,81,76,2.93,DE,1714453872
489,dzuunmod,48.2199,97.3744,282.15,24,33,6.22,MN,1714453872
490,hanceville,34.0607,-86.7675,294.5,98,100,3.39,US,1714453873
491,sferracavallo,42.726,12.0956,290.47,78,0,1.78,IT,1714453873
492,severo-yeniseyskiy,60.3725,93.0408,266.8,89,100,4.47,RU,1714453874
493,yamada,39.4667,141.95,292.35,69,68,4.72,JP,1714453874
494,jerez de garcia salinas,22.65,-103.0,294.24,25,0,2.0,MX,1714453582
495,tank,32.2217,70.3793,296.27,43,59,4.38,PK,1714453699
496,luganville,-15.5333,167.1667,299.76,89,79,4.34,VU,1714453875
497,oranjemund,-28.55,16.4333,289.92,66,15,1.17,NA,1714453876
498,pointe michel,15.25,-61.3833,299.97,76,91,5.08,DM,1714453876
499,novo aripuana,-5.1206,-60.3797,298.41,90,51,0.86,BR,1714453876
500,newman,37.3138,-121.0208,290.53,67,0,1.79,US,1714453877
501,borogontsy,62.6683,131.1683,275.2,42,58,1.09,RU,1714453877
502,masterton,-40.9597,175.6575,287.65,64,34,1.75,NZ,1714453735
503,ak-suu,42.4995,78.527,285.37,53,92,2.42,KG,1714453878
504,zharkent,44.1628,80.0,292.53,36,39,2.17,KZ,1714453878
505,tyukhtet,56.5389,89.3011,273.02,57,82,6.24,RU,1714453879
506,yarmouth,41.7057,-70.2286,285.45,80,100,2.06,US,1714453879
507,kindu,-2.95,25.95,295.99,89,41,1.05,CD,1714453880
508,priozersk,61.0393,30.1291,285.9,70,100,4.72,RU,1714453880
509,daru,-9.0763,143.2092,300.72,88,100,7.85,PG,1714453880
510,solnechnyy,50.7214,136.6319,285.94,27,100,3.74,RU,1714453881
511,las lomas,8.4333,-82.4,298.64,84,82,0.77,PA,1714453881
512,tamanrasset,22.785,5.5228,297.1,27,40,5.14,DZ,1714453881
513,barakani,-12.1356,44.4317,300.36,79,99,5.07,KM,1714453882
514,heber springs,35.4915,-92.0313,290.34,93,37,1.03,US,1714453801
515,ryotsu-minato,38.0833,138.4333,286.9,96,100,1.97,JP,1714453882
516,lucheng,31.2336,117.2806,286.38,92,100,7.31,CN,1714453883
517,sooke,48.3746,-123.7276,281.94,68,92,3.78,CA,1714453873
518,mahavelona,-17.6848,49.5087,296.93,93,100,3.89,MG,1714453883
519,ivanovo,56.9942,40.9858,287.05,58,80,4.92,RU,1714453799
520,acapulco de juarez,16.8634,-99.8901,299.05,83,20,0.0,MX,1714453806
521,ingeniero jacobacci,-41.3427,-69.5448,275.23,69,59,11.19,AR,1714453884
522,asandh,29.5167,76.6,305.76,18,1,3.79,IN,1714453885
523,enriquillo,17.9,-71.2333,296.99,89,12,5.93,DO,1714453885
524,christchurch,-43.5333,172.6333,291.19,67,2,3.09,NZ,1714453886
525,chandler,33.3062,-111.8412,300.98,23,0,2.75,US,1714453886
526,cockburn town,21.4612,-71.1419,297.94,75,98,9.88,TC,1714453886
527,khandud,36.9513,72.318,275.95,65,99,1.59,AF,1714453887
528,verkhnevilyuysk,63.4453,120.3167,273.82,94,100,5.77,RU,1714453887
529,koryazhma,61.3143,47.1691,278.1,96,100,1.13,RU,1714453888
530,skidel',53.5904,24.2478,285.71,73,97,4.66,BY,1714453888
531,mil'kovo,55.6078,37.7956,288.38,58,71,4.43,RU,1714453888
532,yemetsk,63.4721,41.7941,275.17,98,100,2.89,RU,1714453889
533,cill airne,52.05,-9.5167,278.34,94,89,1.13,IE,1714453889
534,garachico,28.7781,-17.7646,289.21,68,75,6.69,ES,1714453889
535,carora,10.1755,-70.0827,298.57,71,72,2.29,VE,1714453889
536,sao vicente,-23.9631,-46.3919,302.19,26,0,1.75,BR,1714453608
537,vainode,56.4333,21.8667,284.14,91,81,1.66,LV,1714453890
538,sault ste. marie,46.5168,-84.3333,279.31,100,100,4.63,CA,1714453749
539,quepos,9.4236,-84.1652,299.74,85,43,1.2,CR,1714453891
540,mawlaik,23.6333,94.4167,314.5,14,7,1.97,MM,1714453891
541,abancay,-13.6339,-72.8814,286.88,90,51,0.89,PE,1714453892
542,dosso,13.049,3.1937,303.93,37,9,3.17,NE,1714453698
543,ghat,24.9647,10.1728,300.04,17,83,6.96,LY,1714453892
544,okhotsk,59.3833,143.3,273.78,99,100,2.67,RU,1714453893
545,chimoio,-19.1164,33.4833,288.74,79,0,0.98,MZ,1714453893
546,tindouf,27.6711,-8.1474,283.78,70,0,5.14,DZ,1714453893
547,manas,42.7275,47.6785,294.92,68,9,1.0,RU,1714453894
548,akbarabad,29.2464,52.7793,291.94,34,55,1.07,IR,1714453894
549,amarkantak,22.6667,81.75,308.58,15,10,4.62,IN,1714453894
550,micheweni,-4.9667,39.8333,300.53,73,56,7.73,TZ,1714453895
551,santiago de cao,-7.9589,-79.2392,291.22,94,75,1.54,PE,1714453724
552,gadzhiyevo,69.2551,33.3362,274.08,95,100,0.41,RU,1714453895
553,stone,52.9059,-2.1541,283.01,60,100,6.69,GB,1714453896
554,kirakira,-10.4544,161.9205,302.61,79,95,4.59,SB,1714453896
555,rovaniemi,66.5,25.7167,273.82,100,100,5.14,FI,1714453896
556,reggane,26.7158,0.1714,292.2,14,87,4.09,DZ,1714453714
557,khuzdar,27.7384,66.6434,293.65,12,0,9.34,PK,1714453897
558,lazaro cardenas,17.9583,-102.2,296.85,85,83,0.78,MX,1714453898
559,raduzhnyy,62.0961,77.475,266.11,75,61,6.37,RU,1714453807
560,waingapu,-9.6567,120.2641,303.04,66,96,7.1,ID,1714453898
561,bardai,11.65,7.2333,298.24,12,70,2.85,NG,1714453898
562,tarawa,1.419,172.984,304.2,79,20,3.6,KI,1714453899
563,ciudad lazaro cardenas,17.9583,-102.2,296.85,85,83,0.78,MX,1714453898
564,fyodorovka,53.6314,62.7078,279.68,68,100,4.59,KZ,1714453900
565,marsh harbour,26.5412,-77.0636,295.7,72,18,8.23,BS,1714453900
